<?xml version = '1.0' encoding = 'UTF-8'?>
<Entity class="oracle.dbtools.crest.model.design.logical.Entity" directorySegmentName="seg_0" id="3DB1AF42-F862-D6ED-33C0-D974748485B3" name="PORT">
<createdBy>chesterman</createdBy>
<createdTime>2025-04-24 03:57:52 UTC</createdTime>
<ownerDesignName>oo_logical</ownerDesignName>
<engineerTo>
<item key="31C72BFD-9C92-125E-B68C-1AB22D6F3F19" value="true"/>
</engineerTo>
<adequatelyNormalized>NO</adequatelyNormalized>
<expectedVolumes>0</expectedVolumes>
<fwdEngineeringStrategyName>Single Table</fwdEngineeringStrategyName>
<growthPercent>0</growthPercent>
<growthType>Year</growthType>
<maxVolumes>9999999</maxVolumes>
<minVolumes>0</minVolumes>
<normalForm>Third</normalForm>
<attributes itemClass="oracle.dbtools.crest.model.design.logical.Attribute">
<Attribute name="port_code" id="C405CE3D-A319-C5C6-7FCE-F16A0040BBB0">
<createdBy>chesterman</createdBy>
<createdTime>2025-04-24 03:58:01 UTC</createdTime>
<commentInRDBMS><![CDATA[port code]]></commentInRDBMS>
<ownerDesignName>oo_logical</ownerDesignName>
<engineerTo>
<item key="31C72BFD-9C92-125E-B68C-1AB22D6F3F19" value="true"/>
</engineerTo>
<useDomainConstraints>false</useDomainConstraints>
<use>1</use>
<logicalDatatype>LOGDT019</logicalDatatype>
<dataTypePrecision>7</dataTypePrecision>
<ownDataTypeParameters>,7,</ownDataTypeParameters>
</Attribute>
<Attribute name="port_name" id="C1F542BA-A3FF-0B5D-FF1C-031CF26D0EA4">
<createdBy>chesterman</createdBy>
<createdTime>2025-04-24 03:58:22 UTC</createdTime>
<commentInRDBMS><![CDATA[port name]]></commentInRDBMS>
<ownerDesignName>oo_logical</ownerDesignName>
<engineerTo>
<item key="31C72BFD-9C92-125E-B68C-1AB22D6F3F19" value="true"/>
</engineerTo>
<useDomainConstraints>false</useDomainConstraints>
<use>1</use>
<logicalDatatype>LOGDT024</logicalDatatype>
<dataTypeSize>50</dataTypeSize>
<ownDataTypeParameters>50,,</ownDataTypeParameters>
</Attribute>
<Attribute name="port_latitude" id="8630CADA-9C88-1444-82D2-B5D0C60857C6">
<createdBy>chesterman</createdBy>
<createdTime>2025-04-24 03:58:22 UTC</createdTime>
<ownerDesignName>oo_logical</ownerDesignName>
<engineerTo>
<item key="31C72BFD-9C92-125E-B68C-1AB22D6F3F19" value="true"/>
</engineerTo>
<nullsAllowed>true</nullsAllowed>
<useDomainConstraints>false</useDomainConstraints>
<use>1</use>
<logicalDatatype>LOGDT019</logicalDatatype>
<dataTypePrecision>30</dataTypePrecision>
<ownDataTypeParameters>,30,</ownDataTypeParameters>
</Attribute>
<Attribute name="port_longtitude" id="BCD7273C-0391-8C78-8596-AAD8E118D624">
<createdBy>chesterman</createdBy>
<createdTime>2025-04-24 03:58:22 UTC</createdTime>
<commentInRDBMS><![CDATA[port longtitude]]></commentInRDBMS>
<ownerDesignName>oo_logical</ownerDesignName>
<engineerTo>
<item key="31C72BFD-9C92-125E-B68C-1AB22D6F3F19" value="true"/>
</engineerTo>
<nullsAllowed>true</nullsAllowed>
<useDomainConstraints>false</useDomainConstraints>
<use>1</use>
<logicalDatatype>LOGDT019</logicalDatatype>
<dataTypePrecision>30</dataTypePrecision>
<ownDataTypeParameters>,30,</ownDataTypeParameters>
</Attribute>
<Attribute name="country_code" id="03120469-FAE9-1D50-6BD2-3A009A4EEA5F">
<createdBy>chesterman</createdBy>
<createdTime>2025-04-24 04:11:18 UTC</createdTime>
<commentInRDBMS><![CDATA[country code]]></commentInRDBMS>
<generatorID>7425157F-84EB-D6A4-A22C-60F35D53A368</generatorID>
<ownerDesignName>oo_logical</ownerDesignName>
<engineerTo>
<item key="31C72BFD-9C92-125E-B68C-1AB22D6F3F19" value="true"/>
</engineerTo>
<nullsAllowed>true</nullsAllowed>
<referedAttribute>F1556B06-A23B-5060-F0A6-4E8EF55BAF91</referedAttribute>
<useDomainConstraints>false</useDomainConstraints>
<use>1</use>
<logicalDatatype>LOGDT019</logicalDatatype>
<dataTypePrecision>7</dataTypePrecision>
<ownDataTypeParameters>,,</ownDataTypeParameters>
</Attribute>
<Attribute name="cruise_id" id="496059AD-0BE2-B09C-D6B7-03EE8DA3B7D4">
<createdBy>chesterman</createdBy>
<createdTime>2025-04-24 04:16:44 UTC</createdTime>
<commentInRDBMS><![CDATA[cruise id]]></commentInRDBMS>
<generatorID>04A56F7A-C5D8-B606-D9F2-24482DD3FB57</generatorID>
<ownerDesignName>oo_logical</ownerDesignName>
<engineerTo>
<item key="31C72BFD-9C92-125E-B68C-1AB22D6F3F19" value="true"/>
</engineerTo>
<nullsAllowed>true</nullsAllowed>
<referedAttribute>288DED27-86B7-9C4B-8D80-6DCAA7B4882E</referedAttribute>
<useDomainConstraints>false</useDomainConstraints>
<use>1</use>
<logicalDatatype>LOGDT019</logicalDatatype>
<dataTypePrecision>7</dataTypePrecision>
<ownDataTypeParameters>,7,</ownDataTypeParameters>
</Attribute>
</attributes>
<identifiers itemClass="oracle.dbtools.crest.model.design.logical.CandidateKey">
<identifier id="B62B24C4-2F48-C374-3682-7648CE3BE402" name="PORT PK">
<createdBy>chesterman</createdBy>
<createdTime>2025-04-24 03:58:38 UTC</createdTime>
<ownerDesignName>oo_logical</ownerDesignName>
<shouldEngineer>false</shouldEngineer>
<engineerTo>
<item key="31C72BFD-9C92-125E-B68C-1AB22D6F3F19" value="false"/>
</engineerTo>
<pk>true</pk>
<usedAttributes>
<attributeRef>C405CE3D-A319-C5C6-7FCE-F16A0040BBB0</attributeRef>
</usedAttributes>
</identifier>
</identifiers>
</Entity>
