<?xml version = '1.0' encoding = 'UTF-8'?>
<Entity class="oracle.dbtools.crest.model.design.logical.Entity" directorySegmentName="seg_0" id="8E441A7F-F83C-502D-3E75-E69849456DE6" name="COUNTRY">
<createdBy>chesterman</createdBy>
<createdTime>2025-04-24 04:02:48 UTC</createdTime>
<ownerDesignName>oo_logical</ownerDesignName>
<engineerTo>
<item key="31C72BFD-9C92-125E-B68C-1AB22D6F3F19" value="true"/>
</engineerTo>
<adequatelyNormalized>NO</adequatelyNormalized>
<expectedVolumes>0</expectedVolumes>
<fwdEngineeringStrategyName>Single Table</fwdEngineeringStrategyName>
<growthPercent>0</growthPercent>
<growthType>Year</growthType>
<maxVolumes>9999999</maxVolumes>
<minVolumes>0</minVolumes>
<normalForm>Third</normalForm>
<attributes itemClass="oracle.dbtools.crest.model.design.logical.Attribute">
<Attribute name="country_code" id="F1556B06-A23B-5060-F0A6-4E8EF55BAF91">
<createdBy>chesterman</createdBy>
<createdTime>2025-04-24 04:03:03 UTC</createdTime>
<commentInRDBMS><![CDATA[country code]]></commentInRDBMS>
<ownerDesignName>oo_logical</ownerDesignName>
<engineerTo>
<item key="31C72BFD-9C92-125E-B68C-1AB22D6F3F19" value="true"/>
</engineerTo>
<useDomainConstraints>false</useDomainConstraints>
<use>1</use>
<logicalDatatype>LOGDT019</logicalDatatype>
<dataTypePrecision>7</dataTypePrecision>
<ownDataTypeParameters>,7,</ownDataTypeParameters>
</Attribute>
<Attribute name="country_name" id="552894B0-FB04-5DE4-97B6-0169FAC3FD2C">
<createdBy>chesterman</createdBy>
<createdTime>2025-04-24 04:03:03 UTC</createdTime>
<commentInRDBMS><![CDATA[country name]]></commentInRDBMS>
<ownerDesignName>oo_logical</ownerDesignName>
<engineerTo>
<item key="31C72BFD-9C92-125E-B68C-1AB22D6F3F19" value="true"/>
</engineerTo>
<useDomainConstraints>false</useDomainConstraints>
<use>1</use>
<logicalDatatype>LOGDT024</logicalDatatype>
<dataTypeSize>30</dataTypeSize>
<ownDataTypeParameters>30,,</ownDataTypeParameters>
</Attribute>
</attributes>
<identifiers itemClass="oracle.dbtools.crest.model.design.logical.CandidateKey">
<identifier id="AC931E2F-10DD-D859-C641-D8D0EA291D5C" name="COUNTRY PK">
<createdBy>chesterman</createdBy>
<createdTime>2025-04-24 04:03:17 UTC</createdTime>
<ownerDesignName>oo_logical</ownerDesignName>
<engineerTo>
<item key="31C72BFD-9C92-125E-B68C-1AB22D6F3F19" value="true"/>
</engineerTo>
<pk>true</pk>
<usedAttributes>
<attributeRef>F1556B06-A23B-5060-F0A6-4E8EF55BAF91</attributeRef>
</usedAttributes>
</identifier>
</identifiers>
</Entity>
