<?xml version = '1.0' encoding = 'UTF-8'?>
<Entity class="oracle.dbtools.crest.model.design.logical.Entity" directorySegmentName="seg_0" id="DD551B34-8456-9040-0CD5-E46A0F0A4DEA" name="CABIN">
<createdBy>chesterman</createdBy>
<createdTime>2025-04-23 05:13:05 UTC</createdTime>
<ownerDesignName>oo_logical</ownerDesignName>
<engineerTo>
<item key="31C72BFD-9C92-125E-B68C-1AB22D6F3F19" value="true"/>
</engineerTo>
<adequatelyNormalized>NO</adequatelyNormalized>
<expectedVolumes>0</expectedVolumes>
<fwdEngineeringStrategyName>Single Table</fwdEngineeringStrategyName>
<growthPercent>0</growthPercent>
<growthType>Year</growthType>
<maxVolumes>9999999</maxVolumes>
<minVolumes>0</minVolumes>
<normalForm>Third</normalForm>
<attributes itemClass="oracle.dbtools.crest.model.design.logical.Attribute">
<Attribute name="cabin_no" id="14AEC7D0-BBA9-19CC-36FC-A61E41397709">
<createdBy>chesterman</createdBy>
<createdTime>2025-04-23 05:13:12 UTC</createdTime>
<commentInRDBMS><![CDATA[cabin number]]></commentInRDBMS>
<ownerDesignName>oo_logical</ownerDesignName>
<engineerTo>
<item key="31C72BFD-9C92-125E-B68C-1AB22D6F3F19" value="true"/>
</engineerTo>
<useDomainConstraints>false</useDomainConstraints>
<use>1</use>
<logicalDatatype>LOGDT019</logicalDatatype>
<dataTypePrecision>7</dataTypePrecision>
<ownDataTypeParameters>,7,</ownDataTypeParameters>
</Attribute>
<Attribute name="ship_code" id="9DB237A8-F31B-602C-1922-FFE2AFC36DED">
<createdBy>chesterman</createdBy>
<createdTime>2025-04-23 05:32:31 UTC</createdTime>
<commentInRDBMS><![CDATA[ship code]]></commentInRDBMS>
<generatorID>0020B596-A04E-CD46-9939-6EF07DE2AA17</generatorID>
<ownerDesignName>oo_logical</ownerDesignName>
<engineerTo>
<item key="31C72BFD-9C92-125E-B68C-1AB22D6F3F19" value="true"/>
</engineerTo>
<referedAttribute>BE139EC3-5A5F-9693-BA84-21C947394086</referedAttribute>
<useDomainConstraints>false</useDomainConstraints>
<use>1</use>
<logicalDatatype>LOGDT019</logicalDatatype>
<dataTypePrecision>7</dataTypePrecision>
<ownDataTypeParameters>,,</ownDataTypeParameters>
</Attribute>
<Attribute name="cabin_sleep_capacity" id="165FBD2C-0BA4-1903-04FA-8425607B049B">
<createdBy>chesterman</createdBy>
<createdTime>2025-04-23 05:13:12 UTC</createdTime>
<commentInRDBMS><![CDATA[cabin sleep capacity]]></commentInRDBMS>
<ownerDesignName>oo_logical</ownerDesignName>
<engineerTo>
<item key="31C72BFD-9C92-125E-B68C-1AB22D6F3F19" value="true"/>
</engineerTo>
<useDomainConstraints>false</useDomainConstraints>
<use>1</use>
<logicalDatatype>LOGDT019</logicalDatatype>
<dataTypePrecision>7</dataTypePrecision>
<ownDataTypeParameters>,7,</ownDataTypeParameters>
</Attribute>
<Attribute name="cabin_class" id="9A3285C4-BA56-2A09-59AC-3313E544D598">
<createdBy>chesterman</createdBy>
<createdTime>2025-04-23 05:13:12 UTC</createdTime>
<commentInRDBMS><![CDATA[cabin class I-Interior, OV-Ocean view, B-Balcony, S-Suite]]></commentInRDBMS>
<ownerDesignName>oo_logical</ownerDesignName>
<engineerTo>
<item key="31C72BFD-9C92-125E-B68C-1AB22D6F3F19" value="true"/>
</engineerTo>
<constraintName>chk_cabin_class</constraintName>
<useDomainConstraints>false</useDomainConstraints>
<use>1</use>
<logicalDatatype>LOGDT024</logicalDatatype>
<dataTypeSize>10</dataTypeSize>
<listOfValues>
<valueDef value="B" description="Balcony"/>
<valueDef value="I" description="Interior"/>
<valueDef value="OV" description="Ocean View"/>
<valueDef value="S" description="Suite"/>
</listOfValues>
<ownDataTypeParameters>10,,</ownDataTypeParameters>
</Attribute>
</attributes>
<identifiers itemClass="oracle.dbtools.crest.model.design.logical.CandidateKey">
<identifier id="8C819505-C20E-4733-B028-0933B1A0C7F3" name="CABIN PK">
<createdBy>chesterman</createdBy>
<createdTime>2025-04-23 05:13:46 UTC</createdTime>
<ownerDesignName>oo_logical</ownerDesignName>
<engineerTo>
<item key="31C72BFD-9C92-125E-B68C-1AB22D6F3F19" value="true"/>
</engineerTo>
<pk>true</pk>
<usedAttributes>
<attributeRef>14AEC7D0-BBA9-19CC-36FC-A61E41397709</attributeRef>
<attributeRef>9DB237A8-F31B-602C-1922-FFE2AFC36DED</attributeRef>
</usedAttributes>
</identifier>
</identifiers>
</Entity>
