<?xml version = '1.0' encoding = 'UTF-8'?>
<FKIndexAssociation class="oracle.dbtools.crest.model.design.relational.FKIndexAssociation" directorySegmentName="seg_0" id="0A79A071-7626-F296-2330-27AB6A8FDD31" containerWithKeyObject="94983BCF-E31C-DA59-136C-A09F32E3B7C7" localFKIndex="80D3B0D1-E2F8-B857-3640-D3A38F59424A" name="operator_ship_fk">
<createdBy>chesterman</createdBy>
<createdTime>2025-04-25 06:07:06 UTC</createdTime>
<generatorID>8F148D07-8A92-CE67-D21C-9BED2C545EB5</generatorID>
<ownerDesignName>oo_logical</ownerDesignName>
<referredTableLongName>OPERATOR</referredTableLongName>
<deleteRule>NO ACTION</deleteRule>
<referredTableID>9F780C2E-4735-567B-4CAD-CF22FDE26054</referredTableID>
<keyObject>54F2C0CC-6D88-C3C0-4998-4820DFD330A5</keyObject>
<referredKeyID>54F2C0CC-6D88-C3C0-4998-4820DFD330A5</referredKeyID>
<mandatory>true</mandatory>
<refColNames>operator_id</refColNames>
<transferable>true</transferable>
<rely>false</rely>
<columnDependencyConstraintGenerateInDDL>true</columnDependencyConstraintGenerateInDDL>
</FKIndexAssociation>
