<?xml version = '1.0' encoding = 'UTF-8'?>
<FKIndexAssociation class="oracle.dbtools.crest.model.design.relational.FKIndexAssociation" directorySegmentName="seg_0" id="54DF3FAB-A830-966F-9264-74AE86705C1B" containerWithKeyObject="051FD292-1B97-F679-0F0E-1AD683CD24C3" localFKIndex="739F556F-39A1-74D0-7A17-931169D25F8F" name="country_port_fk">
<createdBy>chesterman</createdBy>
<createdTime>2025-04-25 06:07:06 UTC</createdTime>
<generatorID>7425157F-84EB-D6A4-A22C-60F35D53A368</generatorID>
<ownerDesignName>oo_logical</ownerDesignName>
<referredTableLongName>COUNTRY</referredTableLongName>
<deleteRule>NO ACTION</deleteRule>
<referredTableID>B935855E-E539-3813-8E57-37CCACD40434</referredTableID>
<keyObject>BF05CF9B-FACA-165E-AA7B-5069F449019A</keyObject>
<referredKeyID>BF05CF9B-FACA-165E-AA7B-5069F449019A</referredKeyID>
<mandatory>false</mandatory>
<refColNames>country_code</refColNames>
<transferable>true</transferable>
<rely>false</rely>
<columnDependencyConstraintGenerateInDDL>true</columnDependencyConstraintGenerateInDDL>
</FKIndexAssociation>
