<?xml version = '1.0' encoding = 'UTF-8'?>
<FKIndexAssociation class="oracle.dbtools.crest.model.design.relational.FKIndexAssociation" directorySegmentName="seg_0" id="6F2994DD-1C6B-E7FD-FFAB-11DD37AC6A9A" containerWithKeyObject="94983BCF-E31C-DA59-136C-A09F32E3B7C7" localFKIndex="5ED6AE5B-285E-D057-C3FE-90E316C54942" name="cruise_ship_fk">
<createdBy>chesterman</createdBy>
<createdTime>2025-04-25 06:07:06 UTC</createdTime>
<generatorID>D06AF370-5AE7-767A-A345-72936105397C</generatorID>
<ownerDesignName>oo_logical</ownerDesignName>
<referredTableLongName>CRUISE</referredTableLongName>
<deleteRule>NO ACTION</deleteRule>
<referredTableID>CF68D379-CFC0-31EB-0163-723176F78453</referredTableID>
<keyObject>50ED3AD5-6856-18A8-A922-D7913C8160B4</keyObject>
<referredKeyID>50ED3AD5-6856-18A8-A922-D7913C8160B4</referredKeyID>
<mandatory>true</mandatory>
<refColNames>cruise_id</refColNames>
<transferable>true</transferable>
<rely>false</rely>
<columnDependencyConstraintGenerateInDDL>true</columnDependencyConstraintGenerateInDDL>
</FKIndexAssociation>
