<?xml version = '1.0' encoding = 'UTF-8'?>
<Diagram class="oracle.dbtools.crest.swingui.relational.DPVRelational" name="Relational_1" id="08A37613-87F2-6FAC-EB76-08E32C04F885">
<createdBy>chesterman</createdBy>
<modifiedBy>chesterman</modifiedBy>
<createdTime>2025-04-23 04:35:32 UTC</createdTime>
<autoRoute>false</autoRoute>
<boxInbox>true</boxInbox>
<showLegend>false</showLegend>
<showLabels>false</showLabels>
<showRelAttributes>false</showRelAttributes>
<gridEnabled>false</gridEnabled>
<showGrid>false</showGrid>
<diagramColor>-1</diagramColor>
<display>false</display>
<notation>1</notation>
<objectViews>
<OView class="oracle.dbtools.crest.swingui.relational.TVTable" oid="04F4E528-2915-27B0-9AD6-2B3C3DC6C805" otype="Table" vid="5CBBC5EF-4F65-E145-5F8B-50EA4AF3A720">
<hideElementsInCurrentOnly>false</hideElementsInCurrentOnly>
<bounds x="319" y="668" width="170" height="110"/>
</OView>
<OView class="oracle.dbtools.crest.swingui.relational.TVTable" oid="051FD292-1B97-F679-0F0E-1AD683CD24C3" otype="Table" vid="87C86F45-BC66-6165-6C19-854AE348189A">
<hideElementsInCurrentOnly>false</hideElementsInCurrentOnly>
<bounds x="598" y="68" width="170" height="110"/>
</OView>
<OView class="oracle.dbtools.crest.swingui.relational.TVTable" oid="20F86221-2D6E-A926-6488-FF3FCDDC07A6" otype="Table" vid="33F23911-78D1-3C55-793D-33CD89586944">
<hideElementsInCurrentOnly>false</hideElementsInCurrentOnly>
<bounds x="317" y="68" width="170" height="110"/>
</OView>
<OView class="oracle.dbtools.crest.swingui.relational.TVTable" oid="68E58168-1420-DD5A-7B8B-0EF70C33BEB4" otype="Table" vid="934CE4E0-F458-34CD-67B9-C2EDD07CF096">
<hideElementsInCurrentOnly>false</hideElementsInCurrentOnly>
<bounds x="608" y="409" width="170" height="110"/>
</OView>
<OView class="oracle.dbtools.crest.swingui.relational.TVTable" oid="8DFDFBC0-E84B-ACFF-E4B9-B7307FFCE8FD" otype="Table" vid="1AD36732-91CF-14A7-E4E2-F4798674E168">
<hideElementsInCurrentOnly>false</hideElementsInCurrentOnly>
<bounds x="315" y="438" width="170" height="145"/>
</OView>
<OView class="oracle.dbtools.crest.swingui.relational.TVTable" oid="94983BCF-E31C-DA59-136C-A09F32E3B7C7" otype="Table" vid="E5750601-B681-07F2-01E3-C31087D1DE2D">
<hideElementsInCurrentOnly>false</hideElementsInCurrentOnly>
<bounds x="316" y="244" width="170" height="131"/>
</OView>
<OView class="oracle.dbtools.crest.swingui.relational.TVTable" oid="9F780C2E-4735-567B-4CAD-CF22FDE26054" otype="Table" vid="087BFC01-63B2-BE95-5507-D29C6E785AA2">
<hideElementsInCurrentOnly>false</hideElementsInCurrentOnly>
<bounds x="23" y="224" width="170" height="110"/>
</OView>
<OView class="oracle.dbtools.crest.swingui.relational.TVTable" oid="B935855E-E539-3813-8E57-37CCACD40434" otype="Table" vid="AA0A9A91-0093-7407-5E5E-2ABB2853AB63">
<hideElementsInCurrentOnly>false</hideElementsInCurrentOnly>
<bounds x="865" y="60" width="170" height="110"/>
</OView>
<OView class="oracle.dbtools.crest.swingui.relational.TVTable" oid="CF68D379-CFC0-31EB-0163-723176F78453" otype="Table" vid="021A0881-6156-1D6E-B199-ADE0034DC3CC">
<hideElementsInCurrentOnly>false</hideElementsInCurrentOnly>
<bounds x="602" y="256" width="170" height="131"/>
</OView>
</objectViews>
<connectors>
<Connector class="oracle.dbtools.crest.swingui.relational.TVFKRelation" oid="0A79A071-7626-F296-2330-27AB6A8FDD31" otype="FKIndexAssociation" vid_source="087BFC01-63B2-BE95-5507-D29C6E785AA2" vid_target="E5750601-B681-07F2-01E3-C31087D1DE2D">
<hideElementsInCurrentOnly>false</hideElementsInCurrentOnly>
<backgroundColor>-16777216</backgroundColor>
<lineWidth>1</lineWidth>
<points>
<point x="193" y="334"/>
<point x="316" y="334"/>
</points>
</Connector>
<Connector class="oracle.dbtools.crest.swingui.relational.TVFKRelation" oid="1AEA968F-5924-FD60-2072-05F6B1E4BEE2" otype="FKIndexAssociation" vid_source="1AD36732-91CF-14A7-E4E2-F4798674E168" vid_target="1AD36732-91CF-14A7-E4E2-F4798674E168">
<hideElementsInCurrentOnly>false</hideElementsInCurrentOnly>
<backgroundColor>-16777216</backgroundColor>
<lineWidth>1</lineWidth>
<points>
<point x="485" y="516"/>
<point x="510" y="516"/>
<point x="510" y="597"/>
<point x="415" y="597"/>
<point x="415" y="583"/>
</points>
</Connector>
<Connector class="oracle.dbtools.crest.swingui.relational.TVFKRelation" oid="36141E6F-4A74-D609-8DFC-C69A1E4B5778" otype="FKIndexAssociation" vid_source="E5750601-B681-07F2-01E3-C31087D1DE2D" vid_target="33F23911-78D1-3C55-793D-33CD89586944">
<hideElementsInCurrentOnly>false</hideElementsInCurrentOnly>
<backgroundColor>-16777216</backgroundColor>
<lineWidth>1</lineWidth>
<points>
<point x="431" y="244"/>
<point x="431" y="178"/>
</points>
</Connector>
<Connector class="oracle.dbtools.crest.swingui.relational.TVFKRelation" oid="3AB9DB1B-9F02-2CE3-E114-90173FEEE06E" otype="FKIndexAssociation" vid_source="E5750601-B681-07F2-01E3-C31087D1DE2D" vid_target="1AD36732-91CF-14A7-E4E2-F4798674E168">
<hideElementsInCurrentOnly>false</hideElementsInCurrentOnly>
<backgroundColor>-16777216</backgroundColor>
<lineWidth>1</lineWidth>
<points>
<point x="400" y="375"/>
<point x="400" y="438"/>
</points>
</Connector>
<Connector class="oracle.dbtools.crest.swingui.relational.TVFKRelation" oid="54DF3FAB-A830-966F-9264-74AE86705C1B" otype="FKIndexAssociation" vid_source="AA0A9A91-0093-7407-5E5E-2ABB2853AB63" vid_target="87C86F45-BC66-6165-6C19-854AE348189A">
<hideElementsInCurrentOnly>false</hideElementsInCurrentOnly>
<backgroundColor>-16777216</backgroundColor>
<lineWidth>1</lineWidth>
<points>
<point x="865" y="119"/>
<point x="768" y="119"/>
</points>
</Connector>
<Connector class="oracle.dbtools.crest.swingui.relational.TVFKRelation" oid="5F5734AB-7D2E-9698-A1F1-ADDCBED2DF9B" otype="FKIndexAssociation" vid_source="021A0881-6156-1D6E-B199-ADE0034DC3CC" vid_target="87C86F45-BC66-6165-6C19-854AE348189A">
<hideElementsInCurrentOnly>false</hideElementsInCurrentOnly>
<backgroundColor>-16777216</backgroundColor>
<lineWidth>1</lineWidth>
<points>
<point x="685" y="256"/>
<point x="685" y="178"/>
</points>
</Connector>
<Connector class="oracle.dbtools.crest.swingui.relational.TVFKRelation" oid="669059CA-78E3-12C6-EB22-38E1AC04B864" otype="FKIndexAssociation" vid_source="1AD36732-91CF-14A7-E4E2-F4798674E168" vid_target="934CE4E0-F458-34CD-67B9-C2EDD07CF096">
<hideElementsInCurrentOnly>false</hideElementsInCurrentOnly>
<backgroundColor>-16777216</backgroundColor>
<lineWidth>1</lineWidth>
<points>
<point x="485" y="478"/>
<point x="608" y="478"/>
</points>
</Connector>
<Connector class="oracle.dbtools.crest.swingui.relational.TVFKRelation" oid="6F2994DD-1C6B-E7FD-FFAB-11DD37AC6A9A" otype="FKIndexAssociation" vid_source="021A0881-6156-1D6E-B199-ADE0034DC3CC" vid_target="E5750601-B681-07F2-01E3-C31087D1DE2D">
<hideElementsInCurrentOnly>false</hideElementsInCurrentOnly>
<backgroundColor>-16777216</backgroundColor>
<lineWidth>1</lineWidth>
<points>
<point x="602" y="315"/>
<point x="486" y="315"/>
</points>
</Connector>
<Connector class="oracle.dbtools.crest.swingui.relational.TVFKRelation" oid="ACFC17D7-0F2B-E53E-306D-34F12801B7AD" otype="FKIndexAssociation" vid_source="5CBBC5EF-4F65-E145-5F8B-50EA4AF3A720" vid_target="1AD36732-91CF-14A7-E4E2-F4798674E168">
<hideElementsInCurrentOnly>false</hideElementsInCurrentOnly>
<backgroundColor>-16777216</backgroundColor>
<lineWidth>1</lineWidth>
<points>
<point x="357" y="668"/>
<point x="357" y="583"/>
</points>
</Connector>
</connectors>
</Diagram>
