<?xml version = '1.0' encoding = 'UTF-8'?>
<relationalModel class="oracle.dbtools.crest.model.design.relational.RelationalDesign" name="Relational_1" id="31C72BFD-9C92-125E-B68C-1AB22D6F3F19" mainViewID="08A37613-87F2-6FAC-EB76-08E32C04F885">
<createdBy>chesterman</createdBy>
<createdTime>2025-04-23 04:34:40 UTC</createdTime>
<ownerDesignName>oo_logical</ownerDesignName>
<shouldBeOpen>false</shouldBeOpen>
<selectedRDBMSSite>3FD120B5-9F4E-6278-D5E2-746D192C8319</selectedRDBMSSite>
</relationalModel>