<?xml version = '1.0' encoding = 'UTF-8'?>
<Diagram class="oracle.dbtools.crest.swingui.logical.DPVLogical" name="Logical" id="5C7D0165-4220-86A3-6316-17BAB3177FA8">
<createdBy>chesterman</createdBy>
<modifiedBy>chesterman</modifiedBy>
<createdTime>2025-04-23 04:35:32 UTC</createdTime>
<autoRoute>false</autoRoute>
<boxInbox>true</boxInbox>
<showLegend>true</showLegend>
<showLabels>true</showLabels>
<showRelAttributes>false</showRelAttributes>
<gridEnabled>false</gridEnabled>
<showGrid>false</showGrid>
<diagramColor>-1</diagramColor>
<display>false</display>
<notation>2</notation>
<showAllDetails>false</showAllDetails>
<showElements>true</showElements>
<propertyMap>
<property name="Student ID" value="33413126"/>
</propertyMap>
<objectViews>
<OView class="oracle.dbtools.crest.swingui.logical.TVEntity" oid="0D7B3E74-A5DD-A250-2A46-DA1F561AE79D" otype="Entity" vid="BC18694B-D1A8-1270-5A53-89772EB46E58">
<hideElementsInCurrentOnly>false</hideElementsInCurrentOnly>
<bounds x="319" y="668" width="170" height="110"/>
</OView>
<OView class="oracle.dbtools.crest.swingui.logical.TVEntity" oid="3DB1AF42-F862-D6ED-33C0-D974748485B3" otype="Entity" vid="CF59DABD-BA07-2CDB-A8F8-6C3019A1D55C">
<hideElementsInCurrentOnly>false</hideElementsInCurrentOnly>
<bounds x="598" y="68" width="170" height="110"/>
</OView>
<OView class="oracle.dbtools.crest.swingui.logical.TVEntity" oid="6CFCFAC2-CD74-E87D-FF5D-4D87C499232B" otype="Entity" vid="592E2EB6-157C-6CD5-DCC5-639472F8BC1D">
<hideElementsInCurrentOnly>false</hideElementsInCurrentOnly>
<bounds x="316" y="244" width="170" height="131"/>
</OView>
<OView class="oracle.dbtools.crest.swingui.logical.TVEntity" oid="8A981EC5-FB90-6782-D362-EF2A1DF6C17E" otype="Entity" vid="7824E6B6-C94B-F64E-04BA-99A1F9FA704C">
<hideElementsInCurrentOnly>false</hideElementsInCurrentOnly>
<bounds x="23" y="224" width="170" height="110"/>
</OView>
<OView class="oracle.dbtools.crest.swingui.logical.TVEntity" oid="8E441A7F-F83C-502D-3E75-E69849456DE6" otype="Entity" vid="1D254BEB-2B97-A478-23BD-10C45CBD9384">
<hideElementsInCurrentOnly>false</hideElementsInCurrentOnly>
<bounds x="865" y="60" width="170" height="110"/>
</OView>
<OView class="oracle.dbtools.crest.swingui.logical.TVEntity" oid="92EC4502-92D9-A602-AA70-1B4D50554A97" otype="Entity" vid="3327BC76-4532-1A8B-EFBD-AB2654673CE0">
<hideElementsInCurrentOnly>false</hideElementsInCurrentOnly>
<bounds x="602" y="256" width="170" height="131"/>
</OView>
<OView class="oracle.dbtools.crest.swingui.logical.TVEntity" oid="CC9E91DE-0880-36BA-03A0-47B5F8BDA4FC" otype="Entity" vid="BFDFFC1A-0423-D5AA-6FF8-C74B88A6B7A8">
<hideElementsInCurrentOnly>false</hideElementsInCurrentOnly>
<bounds x="608" y="409" width="170" height="110"/>
</OView>
<OView class="oracle.dbtools.crest.swingui.logical.TVEntity" oid="DD551B34-8456-9040-0CD5-E46A0F0A4DEA" otype="Entity" vid="55EAFD5F-5CF2-E7F7-FC48-51F47602C64B">
<hideElementsInCurrentOnly>false</hideElementsInCurrentOnly>
<bounds x="317" y="68" width="170" height="110"/>
</OView>
<OView class="oracle.dbtools.crest.swingui.logical.TVEntity" oid="E0263E10-1375-DEE0-D11F-8A788D6A6B42" otype="Entity" vid="61F3084E-242A-DEB4-E6F2-766095D05DEF">
<hideElementsInCurrentOnly>false</hideElementsInCurrentOnly>
<bounds x="315" y="438" width="170" height="145"/>
</OView>
<OView class="oracle.dbtools.crest.swingui.TVLegend" oid="FD2CE0DB-3DF1-56F6-B9EB-B9B9962FF323" otype="Legend" vid="5F7E75BB-4B4E-3FAC-4AA3-765ED89D3FFF">
<hideElementsInCurrentOnly>false</hideElementsInCurrentOnly>
<bounds x="10" y="10" width="242" height="146"/>
</OView>
</objectViews>
<connectors>
<Connector class="oracle.dbtools.crest.swingui.logical.TVRelation" oid="0020B596-A04E-CD46-9939-6EF07DE2AA17" otype="Relation" vid_source="592E2EB6-157C-6CD5-DCC5-639472F8BC1D" vid_target="55EAFD5F-5CF2-E7F7-FC48-51F47602C64B">
<hideElementsInCurrentOnly>false</hideElementsInCurrentOnly>
<backgroundColor>-16777216</backgroundColor>
<lineWidth>1</lineWidth>
<sourceLabel class="oracle.dbtools.crest.model.design.Label">
<site>0</site>
<labelBounds x="431" y="210" width="32" height="28"/>
<noBackgroundColor>true</noBackgroundColor>
<noForegroundColor>true</noForegroundColor>
</sourceLabel>
<targetLabel class="oracle.dbtools.crest.model.design.Label">
<site>2</site>
<labelBounds x="431" y="212" width="18" height="30"/>
<noBackgroundColor>true</noBackgroundColor>
<noForegroundColor>true</noForegroundColor>
</targetLabel>
<points>
<point x="431" y="244"/>
<point x="431" y="178"/>
</points>
</Connector>
<Connector class="oracle.dbtools.crest.swingui.logical.TVRelation" oid="04A56F7A-C5D8-B606-D9F2-24482DD3FB57" otype="Relation" vid_source="3327BC76-4532-1A8B-EFBD-AB2654673CE0" vid_target="CF59DABD-BA07-2CDB-A8F8-6C3019A1D55C">
<hideElementsInCurrentOnly>false</hideElementsInCurrentOnly>
<backgroundColor>-16777216</backgroundColor>
<lineWidth>1</lineWidth>
<sourceLabel class="oracle.dbtools.crest.model.design.Label">
<site>0</site>
<labelBounds x="685" y="212" width="40" height="30"/>
<noBackgroundColor>true</noBackgroundColor>
<noForegroundColor>true</noForegroundColor>
</sourceLabel>
<targetLabel class="oracle.dbtools.crest.model.design.Label">
<site>2</site>
<labelBounds x="685" y="214" width="18" height="30"/>
<noBackgroundColor>true</noBackgroundColor>
<noForegroundColor>true</noForegroundColor>
</targetLabel>
<points>
<point x="685" y="256"/>
<point x="685" y="178"/>
</points>
</Connector>
<Connector class="oracle.dbtools.crest.swingui.logical.TVRelation" oid="0CB73FA4-66E3-8A41-2D3E-9E07DA37F370" otype="Relation" vid_source="61F3084E-242A-DEB4-E6F2-766095D05DEF" vid_target="61F3084E-242A-DEB4-E6F2-766095D05DEF">
<hideElementsInCurrentOnly>false</hideElementsInCurrentOnly>
<backgroundColor>-16777216</backgroundColor>
<lineWidth>1</lineWidth>
<sourceLabel class="oracle.dbtools.crest.model.design.Label">
<site>0</site>
<labelBounds x="510" y="501" width="71" height="30"/>
<noBackgroundColor>true</noBackgroundColor>
<noForegroundColor>true</noForegroundColor>
</sourceLabel>
<targetLabel class="oracle.dbtools.crest.model.design.Label">
<site>2</site>
<labelBounds x="415" y="584" width="18" height="30"/>
<noBackgroundColor>true</noBackgroundColor>
<noForegroundColor>true</noForegroundColor>
</targetLabel>
<points>
<point x="485" y="516"/>
<point x="510" y="516"/>
<point x="510" y="597"/>
<point x="415" y="597"/>
<point x="415" y="583"/>
</points>
</Connector>
<Connector class="oracle.dbtools.crest.swingui.logical.TVRelation" oid="54CD9ED7-6F11-9A96-51B4-A8716E90706B" otype="Relation" vid_source="61F3084E-242A-DEB4-E6F2-766095D05DEF" vid_target="BFDFFC1A-0423-D5AA-6FF8-C74B88A6B7A8">
<hideElementsInCurrentOnly>false</hideElementsInCurrentOnly>
<backgroundColor>-16777216</backgroundColor>
<lineWidth>1</lineWidth>
<sourceLabel class="oracle.dbtools.crest.model.design.Label">
<site>0</site>
<labelBounds x="495" y="446" width="95" height="32"/>
<noBackgroundColor>true</noBackgroundColor>
<noForegroundColor>true</noForegroundColor>
</sourceLabel>
<targetLabel class="oracle.dbtools.crest.model.design.Label">
<site>2</site>
<labelBounds x="584" y="481" width="18" height="35"/>
<noBackgroundColor>true</noBackgroundColor>
<noForegroundColor>true</noForegroundColor>
</targetLabel>
<points>
<point x="485" y="478"/>
<point x="608" y="478"/>
</points>
</Connector>
<Connector class="oracle.dbtools.crest.swingui.logical.TVRelation" oid="7425157F-84EB-D6A4-A22C-60F35D53A368" otype="Relation" vid_source="1D254BEB-2B97-A478-23BD-10C45CBD9384" vid_target="CF59DABD-BA07-2CDB-A8F8-6C3019A1D55C">
<hideElementsInCurrentOnly>false</hideElementsInCurrentOnly>
<backgroundColor>-16777216</backgroundColor>
<lineWidth>1</lineWidth>
<sourceLabel class="oracle.dbtools.crest.model.design.Label">
<site>0</site>
<labelBounds x="803" y="90" width="56" height="29"/>
<noBackgroundColor>true</noBackgroundColor>
<noForegroundColor>true</noForegroundColor>
</sourceLabel>
<targetLabel class="oracle.dbtools.crest.model.design.Label">
<site>2</site>
<labelBounds x="778" y="122" width="19" height="30"/>
<noBackgroundColor>true</noBackgroundColor>
<noForegroundColor>true</noForegroundColor>
</targetLabel>
<points>
<point x="865" y="119"/>
<point x="768" y="119"/>
</points>
</Connector>
<Connector class="oracle.dbtools.crest.swingui.logical.TVRelation" oid="8F148D07-8A92-CE67-D21C-9BED2C545EB5" otype="Relation" vid_source="7824E6B6-C94B-F64E-04BA-99A1F9FA704C" vid_target="592E2EB6-157C-6CD5-DCC5-639472F8BC1D">
<hideElementsInCurrentOnly>false</hideElementsInCurrentOnly>
<backgroundColor>-16777216</backgroundColor>
<lineWidth>1</lineWidth>
<sourceLabel class="oracle.dbtools.crest.model.design.Label">
<site>0</site>
<labelBounds x="203" y="340" width="58" height="30"/>
<noBackgroundColor>true</noBackgroundColor>
<noForegroundColor>true</noForegroundColor>
</sourceLabel>
<targetLabel class="oracle.dbtools.crest.model.design.Label">
<site>2</site>
<labelBounds x="292" y="337" width="18" height="30"/>
<noBackgroundColor>true</noBackgroundColor>
<noForegroundColor>true</noForegroundColor>
</targetLabel>
<points>
<point x="193" y="334"/>
<point x="316" y="334"/>
</points>
</Connector>
<Connector class="oracle.dbtools.crest.swingui.logical.TVRelation" oid="C7630645-714E-C312-43CA-B8BDB8DA5082" otype="Relation" vid_source="BC18694B-D1A8-1270-5A53-89772EB46E58" vid_target="61F3084E-242A-DEB4-E6F2-766095D05DEF">
<hideElementsInCurrentOnly>false</hideElementsInCurrentOnly>
<backgroundColor>-16777216</backgroundColor>
<lineWidth>1</lineWidth>
<sourceLabel class="oracle.dbtools.crest.model.design.Label">
<site>0</site>
<labelBounds x="357" y="632" width="44" height="30"/>
<noBackgroundColor>true</noBackgroundColor>
<noForegroundColor>true</noForegroundColor>
</sourceLabel>
<targetLabel class="oracle.dbtools.crest.model.design.Label">
<site>2</site>
<labelBounds x="357" y="619" width="18" height="30"/>
<noBackgroundColor>true</noBackgroundColor>
<noForegroundColor>true</noForegroundColor>
</targetLabel>
<points>
<point x="357" y="668"/>
<point x="357" y="583"/>
</points>
</Connector>
<Connector class="oracle.dbtools.crest.swingui.logical.TVRelation" oid="D06AF370-5AE7-767A-A345-72936105397C" otype="Relation" vid_source="592E2EB6-157C-6CD5-DCC5-639472F8BC1D" vid_target="3327BC76-4532-1A8B-EFBD-AB2654673CE0">
<hideElementsInCurrentOnly>false</hideElementsInCurrentOnly>
<backgroundColor>-16777216</backgroundColor>
<lineWidth>1</lineWidth>
<sourceLabel class="oracle.dbtools.crest.model.design.Label">
<site>0</site>
<labelBounds x="496" y="285" width="37" height="30"/>
<noBackgroundColor>true</noBackgroundColor>
<noForegroundColor>true</noForegroundColor>
</sourceLabel>
<targetLabel class="oracle.dbtools.crest.model.design.Label">
<site>2</site>
<labelBounds x="559" y="318" width="37" height="29"/>
<noBackgroundColor>true</noBackgroundColor>
<noForegroundColor>true</noForegroundColor>
</targetLabel>
<points>
<point x="486" y="315"/>
<point x="602" y="315"/>
</points>
</Connector>
<Connector class="oracle.dbtools.crest.swingui.logical.TVRelation" oid="DBC30170-C5E0-C96B-D134-B2A7296A32AD" otype="Relation" vid_source="592E2EB6-157C-6CD5-DCC5-639472F8BC1D" vid_target="61F3084E-242A-DEB4-E6F2-766095D05DEF">
<hideElementsInCurrentOnly>false</hideElementsInCurrentOnly>
<backgroundColor>-16777216</backgroundColor>
<lineWidth>1</lineWidth>
<sourceLabel class="oracle.dbtools.crest.model.design.Label">
<site>0</site>
<labelBounds x="400" y="435" width="32" height="30"/>
<noBackgroundColor>true</noBackgroundColor>
<noForegroundColor>true</noForegroundColor>
</sourceLabel>
<targetLabel class="oracle.dbtools.crest.model.design.Label">
<site>2</site>
<labelBounds x="400" y="404" width="27" height="20"/>
<noBackgroundColor>true</noBackgroundColor>
<noForegroundColor>true</noForegroundColor>
</targetLabel>
<points>
<point x="400" y="375"/>
<point x="400" y="438"/>
</points>
</Connector>
</connectors>
</Diagram>
