<?xml version = '1.0' encoding = 'UTF-8'?>
<Table class="oracle.dbtools.crest.model.design.relational.Table" directorySegmentName="seg_0" id="051FD292-1B97-F679-0F0E-1AD683CD24C3" name="PORT">
<createdBy>chesterman</createdBy>
<createdTime>2025-04-25 06:07:06 UTC</createdTime>
<generatorID>3DB1AF42-F862-D6ED-33C0-D974748485B3</generatorID>
<ownerDesignName>oo_logical</ownerDesignName>
<allowColumnReorder>false</allowColumnReorder>
<existDependencyGenerateInDDl>true</existDependencyGenerateInDDl>
<parsed>true</parsed>
<columns itemClass="oracle.dbtools.crest.model.design.relational.Column">
<Column name="port_code" id="AE71812E-39D8-0F3D-3A6D-7C84B63AB1D0">
<createdBy>chesterman</createdBy>
<createdTime>2025-04-25 06:07:06 UTC</createdTime>
<commentInRDBMS><![CDATA[port code]]></commentInRDBMS>
<generatorID>C405CE3D-A319-C5C6-7FCE-F16A0040BBB0</generatorID>
<ownerDesignName>oo_logical</ownerDesignName>
<useDomainConstraints>false</useDomainConstraints>
<use>1</use>
<logicalDatatype>LOGDT019</logicalDatatype>
<dataTypePrecision>7</dataTypePrecision>
<ownDataTypeParameters>,7,</ownDataTypeParameters>
<autoIncrementCycle>false</autoIncrementCycle>
</Column>
<Column name="port_name" id="7B756F94-D6E0-FE09-079C-E25EAEA28FA5">
<createdBy>chesterman</createdBy>
<createdTime>2025-04-25 06:07:06 UTC</createdTime>
<commentInRDBMS><![CDATA[port name]]></commentInRDBMS>
<generatorID>C1F542BA-A3FF-0B5D-FF1C-031CF26D0EA4</generatorID>
<ownerDesignName>oo_logical</ownerDesignName>
<useDomainConstraints>false</useDomainConstraints>
<use>1</use>
<logicalDatatype>LOGDT024</logicalDatatype>
<dataTypeSize>50</dataTypeSize>
<ownDataTypeParameters>50,,</ownDataTypeParameters>
<autoIncrementCycle>false</autoIncrementCycle>
</Column>
<Column name="port_latitude" id="C0AACC37-FCC4-EF89-6375-C75530373B83">
<createdBy>chesterman</createdBy>
<createdTime>2025-04-25 06:07:06 UTC</createdTime>
<generatorID>8630CADA-9C88-1444-82D2-B5D0C60857C6</generatorID>
<ownerDesignName>oo_logical</ownerDesignName>
<nullsAllowed>true</nullsAllowed>
<useDomainConstraints>false</useDomainConstraints>
<use>1</use>
<logicalDatatype>LOGDT019</logicalDatatype>
<dataTypePrecision>30</dataTypePrecision>
<ownDataTypeParameters>,30,</ownDataTypeParameters>
<autoIncrementCycle>false</autoIncrementCycle>
</Column>
<Column name="port_longtitude" id="7BD367AD-E4FF-190F-7905-92DCA53E5939">
<createdBy>chesterman</createdBy>
<createdTime>2025-04-25 06:07:06 UTC</createdTime>
<commentInRDBMS><![CDATA[port longtitude]]></commentInRDBMS>
<generatorID>BCD7273C-0391-8C78-8596-AAD8E118D624</generatorID>
<ownerDesignName>oo_logical</ownerDesignName>
<nullsAllowed>true</nullsAllowed>
<useDomainConstraints>false</useDomainConstraints>
<use>1</use>
<logicalDatatype>LOGDT019</logicalDatatype>
<dataTypePrecision>30</dataTypePrecision>
<ownDataTypeParameters>,30,</ownDataTypeParameters>
<autoIncrementCycle>false</autoIncrementCycle>
</Column>
<Column name="country_code" id="4180D132-FEC7-8754-D566-86A5902A4E20">
<createdBy>chesterman</createdBy>
<createdTime>2025-04-25 06:07:06 UTC</createdTime>
<commentInRDBMS><![CDATA[country code]]></commentInRDBMS>
<generatorID>03120469-FAE9-1D50-6BD2-3A009A4EEA5F</generatorID>
<ownerDesignName>oo_logical</ownerDesignName>
<nullsAllowed>true</nullsAllowed>
<useDomainConstraints>false</useDomainConstraints>
<use>1</use>
<logicalDatatype>LOGDT019</logicalDatatype>
<dataTypePrecision>7</dataTypePrecision>
<ownDataTypeParameters>,,</ownDataTypeParameters>
<previousColumn>false</previousColumn>
<autoIncrementCycle>false</autoIncrementCycle>
<associations>
<colAssociation fkAssociation="54DF3FAB-A830-966F-9264-74AE86705C1B" referredColumn="062F0FB9-FA27-BA91-6641-A0D5A0A5C1FD"/>
</associations>
</Column>
<Column name="cruise_id" id="8A8C8790-86DE-365A-0C8E-69BE7766C705">
<createdBy>chesterman</createdBy>
<createdTime>2025-04-25 06:07:06 UTC</createdTime>
<commentInRDBMS><![CDATA[cruise id]]></commentInRDBMS>
<generatorID>496059AD-0BE2-B09C-D6B7-03EE8DA3B7D4</generatorID>
<ownerDesignName>oo_logical</ownerDesignName>
<nullsAllowed>true</nullsAllowed>
<useDomainConstraints>false</useDomainConstraints>
<use>1</use>
<logicalDatatype>LOGDT019</logicalDatatype>
<dataTypePrecision>7</dataTypePrecision>
<ownDataTypeParameters>,,</ownDataTypeParameters>
<previousColumn>false</previousColumn>
<autoIncrementCycle>false</autoIncrementCycle>
<associations>
<colAssociation fkAssociation="5F5734AB-7D2E-9698-A1F1-ADDCBED2DF9B" referredColumn="D7ACAAAC-7C02-DBCB-5190-D022C2904835"/>
</associations>
</Column>
</columns>
<indexes itemClass="oracle.dbtools.crest.model.design.relational.Index">
<ind_PK_UK id="57E084EA-0356-86DD-5ECB-049DC6459845" name="PORT_PK">
<createdBy>chesterman</createdBy>
<createdTime>2025-04-25 06:07:06 UTC</createdTime>
<generatorID>B62B24C4-2F48-C374-3682-7648CE3BE402</generatorID>
<ownerDesignName>oo_logical</ownerDesignName>
<pk>true</pk>
<indexState>Primary Constraint</indexState>
<isSurrogateKey>false</isSurrogateKey>
<indexColumnUsage>
<colUsage columnID="AE71812E-39D8-0F3D-3A6D-7C84B63AB1D0"/>
</indexColumnUsage>
</ind_PK_UK>
<ind_PK_UK id="739F556F-39A1-74D0-7A17-931169D25F8F" name="country_port_fk">
<createdBy>chesterman</createdBy>
<createdTime>2025-04-25 06:07:06 UTC</createdTime>
<generatorID>7425157F-84EB-D6A4-A22C-60F35D53A368</generatorID>
<ownerDesignName>oo_logical</ownerDesignName>
<indexState>Foreign Key</indexState>
<isSurrogateKey>false</isSurrogateKey>
<indexColumnUsage>
<colUsage columnID="4180D132-FEC7-8754-D566-86A5902A4E20"/>
</indexColumnUsage>
</ind_PK_UK>
<ind_PK_UK id="20F32E41-4BCA-FF2D-4986-B7F7EF53CED1" name="cruise_port_fk">
<createdBy>chesterman</createdBy>
<createdTime>2025-04-25 06:07:06 UTC</createdTime>
<generatorID>04A56F7A-C5D8-B606-D9F2-24482DD3FB57</generatorID>
<ownerDesignName>oo_logical</ownerDesignName>
<indexState>Foreign Key</indexState>
<isSurrogateKey>false</isSurrogateKey>
<indexColumnUsage>
<colUsage columnID="8A8C8790-86DE-365A-0C8E-69BE7766C705"/>
</indexColumnUsage>
</ind_PK_UK>
</indexes>
</Table>
