<?xml version = '1.0' encoding = 'UTF-8'?>
<Table class="oracle.dbtools.crest.model.design.relational.Table" directorySegmentName="seg_0" id="20F86221-2D6E-A926-6488-FF3FCDDC07A6" name="CABIN">
<createdBy>chesterman</createdBy>
<createdTime>2025-04-25 06:07:06 UTC</createdTime>
<generatorID>DD551B34-8456-9040-0CD5-E46A0F0A4DEA</generatorID>
<ownerDesignName>oo_logical</ownerDesignName>
<allowColumnReorder>false</allowColumnReorder>
<existDependencyGenerateInDDl>true</existDependencyGenerateInDDl>
<parsed>true</parsed>
<columns itemClass="oracle.dbtools.crest.model.design.relational.Column">
<Column name="cabin_no" id="DACDEF53-0321-0763-86BB-8D7B6B99A464">
<createdBy>chesterman</createdBy>
<createdTime>2025-04-25 06:07:06 UTC</createdTime>
<commentInRDBMS><![CDATA[cabin number]]></commentInRDBMS>
<generatorID>14AEC7D0-BBA9-19CC-36FC-A61E41397709</generatorID>
<ownerDesignName>oo_logical</ownerDesignName>
<useDomainConstraints>false</useDomainConstraints>
<use>1</use>
<logicalDatatype>LOGDT019</logicalDatatype>
<dataTypePrecision>7</dataTypePrecision>
<ownDataTypeParameters>,7,</ownDataTypeParameters>
<autoIncrementCycle>false</autoIncrementCycle>
</Column>
<Column name="ship_code" id="CC145C6A-59CC-D93D-0BA2-32A7E4A174AD">
<createdBy>chesterman</createdBy>
<createdTime>2025-04-25 06:07:06 UTC</createdTime>
<commentInRDBMS><![CDATA[ship code]]></commentInRDBMS>
<generatorID>9DB237A8-F31B-602C-1922-FFE2AFC36DED</generatorID>
<ownerDesignName>oo_logical</ownerDesignName>
<useDomainConstraints>false</useDomainConstraints>
<use>1</use>
<logicalDatatype>LOGDT019</logicalDatatype>
<dataTypePrecision>7</dataTypePrecision>
<ownDataTypeParameters>,,</ownDataTypeParameters>
<previousColumn>false</previousColumn>
<autoIncrementCycle>false</autoIncrementCycle>
<associations>
<colAssociation fkAssociation="36141E6F-4A74-D609-8DFC-C69A1E4B5778" referredColumn="C6AB484E-82DD-4899-2267-F4FE239FDEE0"/>
</associations>
</Column>
<Column name="cabin_sleep_capacity" id="C7C783C4-FF83-48F9-F614-2689D3AE69C3">
<createdBy>chesterman</createdBy>
<createdTime>2025-04-25 06:07:06 UTC</createdTime>
<commentInRDBMS><![CDATA[cabin sleep capacity]]></commentInRDBMS>
<generatorID>165FBD2C-0BA4-1903-04FA-8425607B049B</generatorID>
<ownerDesignName>oo_logical</ownerDesignName>
<useDomainConstraints>false</useDomainConstraints>
<use>1</use>
<logicalDatatype>LOGDT019</logicalDatatype>
<dataTypePrecision>7</dataTypePrecision>
<ownDataTypeParameters>,7,</ownDataTypeParameters>
<autoIncrementCycle>false</autoIncrementCycle>
</Column>
<Column name="cabin_class" id="E3230A14-55B4-D9F2-C2D2-F8A51E33131F">
<createdBy>chesterman</createdBy>
<createdTime>2025-04-25 06:07:06 UTC</createdTime>
<commentInRDBMS><![CDATA[cabin class I-Interior, OV-Ocean view, B-Balcony, S-Suite]]></commentInRDBMS>
<generatorID>9A3285C4-BA56-2A09-59AC-3313E544D598</generatorID>
<ownerDesignName>oo_logical</ownerDesignName>
<constraintName>chk_cabin_class</constraintName>
<useDomainConstraints>false</useDomainConstraints>
<use>1</use>
<logicalDatatype>LOGDT024</logicalDatatype>
<dataTypeSize>10</dataTypeSize>
<listOfValues>
<valueDef value="B" description="Balcony"/>
<valueDef value="I" description="Interior"/>
<valueDef value="OV" description="Ocean View"/>
<valueDef value="S" description="Suite"/>
</listOfValues>
<ownDataTypeParameters>10,,</ownDataTypeParameters>
<autoIncrementCycle>false</autoIncrementCycle>
</Column>
</columns>
<indexes itemClass="oracle.dbtools.crest.model.design.relational.Index">
<ind_PK_UK id="08400EEF-0851-EFD9-2BC4-F3FA39F26777" name="CABIN_PK">
<createdBy>chesterman</createdBy>
<createdTime>2025-04-25 06:07:06 UTC</createdTime>
<generatorID>8C819505-C20E-4733-B028-0933B1A0C7F3</generatorID>
<ownerDesignName>oo_logical</ownerDesignName>
<pk>true</pk>
<indexState>Primary Constraint</indexState>
<isSurrogateKey>false</isSurrogateKey>
<indexColumnUsage>
<colUsage columnID="DACDEF53-0321-0763-86BB-8D7B6B99A464"/>
<colUsage columnID="CC145C6A-59CC-D93D-0BA2-32A7E4A174AD"/>
</indexColumnUsage>
</ind_PK_UK>
<ind_PK_UK id="5F4076C5-E690-5B3D-79D3-E79463067AEB" name="ship_cabin_fk">
<createdBy>chesterman</createdBy>
<createdTime>2025-04-25 06:07:06 UTC</createdTime>
<generatorID>0020B596-A04E-CD46-9939-6EF07DE2AA17</generatorID>
<ownerDesignName>oo_logical</ownerDesignName>
<indexState>Foreign Key</indexState>
<isSurrogateKey>false</isSurrogateKey>
<indexColumnUsage>
<colUsage columnID="CC145C6A-59CC-D93D-0BA2-32A7E4A174AD"/>
</indexColumnUsage>
</ind_PK_UK>
</indexes>
</Table>
