<?xml version = '1.0' encoding = 'UTF-8'?>
<Table class="oracle.dbtools.crest.model.design.relational.Table" directorySegmentName="seg_0" id="94983BCF-E31C-DA59-136C-A09F32E3B7C7" name="SHIP">
<createdBy>chesterman</createdBy>
<createdTime>2025-04-25 06:07:06 UTC</createdTime>
<generatorID>6CFCFAC2-CD74-E87D-FF5D-4D87C499232B</generatorID>
<ownerDesignName>oo_logical</ownerDesignName>
<allowColumnReorder>false</allowColumnReorder>
<existDependencyGenerateInDDl>true</existDependencyGenerateInDDl>
<parsed>true</parsed>
<columns itemClass="oracle.dbtools.crest.model.design.relational.Column">
<Column name="ship_code" id="C6AB484E-82DD-4899-2267-F4FE239FDEE0">
<createdBy>chesterman</createdBy>
<createdTime>2025-04-25 06:07:06 UTC</createdTime>
<commentInRDBMS><![CDATA[ship code]]></commentInRDBMS>
<generatorID>BE139EC3-5A5F-9693-BA84-21C947394086</generatorID>
<ownerDesignName>oo_logical</ownerDesignName>
<useDomainConstraints>false</useDomainConstraints>
<use>1</use>
<logicalDatatype>LOGDT019</logicalDatatype>
<dataTypePrecision>7</dataTypePrecision>
<ownDataTypeParameters>,7,</ownDataTypeParameters>
<autoIncrementCycle>false</autoIncrementCycle>
</Column>
<Column name="operator_id" id="106BFE91-553E-0CBB-0E2C-A8EBC7A6919F">
<createdBy>chesterman</createdBy>
<createdTime>2025-04-25 06:07:06 UTC</createdTime>
<commentInRDBMS><![CDATA[operator id ]]></commentInRDBMS>
<generatorID>54F00EF7-796C-499D-A9D2-B839118A4CC6</generatorID>
<ownerDesignName>oo_logical</ownerDesignName>
<useDomainConstraints>false</useDomainConstraints>
<use>1</use>
<logicalDatatype>LOGDT019</logicalDatatype>
<dataTypePrecision>7</dataTypePrecision>
<ownDataTypeParameters>,,</ownDataTypeParameters>
<previousColumn>false</previousColumn>
<autoIncrementCycle>false</autoIncrementCycle>
<associations>
<colAssociation fkAssociation="0A79A071-7626-F296-2330-27AB6A8FDD31" referredColumn="85FF7B8A-16D9-2383-9B25-4F9985C4E10C"/>
</associations>
</Column>
<Column name="cruise_id" id="25C76868-BEE3-6CD5-2138-2743DF790D1B">
<createdBy>chesterman</createdBy>
<createdTime>2025-04-25 06:07:06 UTC</createdTime>
<commentInRDBMS><![CDATA[cruise id]]></commentInRDBMS>
<generatorID>F4556FC1-D441-B890-6344-91810690541B</generatorID>
<ownerDesignName>oo_logical</ownerDesignName>
<useDomainConstraints>false</useDomainConstraints>
<use>1</use>
<logicalDatatype>LOGDT019</logicalDatatype>
<dataTypePrecision>7</dataTypePrecision>
<ownDataTypeParameters>,,</ownDataTypeParameters>
<previousColumn>false</previousColumn>
<autoIncrementCycle>false</autoIncrementCycle>
<associations>
<colAssociation fkAssociation="6F2994DD-1C6B-E7FD-FFAB-11DD37AC6A9A" referredColumn="D7ACAAAC-7C02-DBCB-5190-D022C2904835"/>
</associations>
</Column>
<Column name="ship_name" id="2212A51D-3B86-A0D9-E909-E2577F467041">
<createdBy>chesterman</createdBy>
<createdTime>2025-04-25 06:07:06 UTC</createdTime>
<commentInRDBMS><![CDATA[ship name]]></commentInRDBMS>
<generatorID>9F9214F8-F73E-8333-BA6F-3E4BF549E78A</generatorID>
<ownerDesignName>oo_logical</ownerDesignName>
<useDomainConstraints>false</useDomainConstraints>
<use>1</use>
<logicalDatatype>LOGDT024</logicalDatatype>
<dataTypeSize>50</dataTypeSize>
<ownDataTypeParameters>50,,</ownDataTypeParameters>
<autoIncrementCycle>false</autoIncrementCycle>
</Column>
<Column name="ship_commission_date" id="0EEC94DB-B7FE-AAD0-EAFE-BA45CCBB0BC3">
<createdBy>chesterman</createdBy>
<createdTime>2025-04-25 06:07:06 UTC</createdTime>
<commentInRDBMS><![CDATA[ship commission date]]></commentInRDBMS>
<generatorID>95216A79-9174-F2C4-70D0-8134B3CF90E2</generatorID>
<ownerDesignName>oo_logical</ownerDesignName>
<useDomainConstraints>false</useDomainConstraints>
<use>1</use>
<logicalDatatype>LOGDT007</logicalDatatype>
<ownDataTypeParameters>,,</ownDataTypeParameters>
<autoIncrementCycle>false</autoIncrementCycle>
</Column>
<Column name="ship_tonnage" id="DD108ED0-99DD-4365-E260-9E0D2EC7134D">
<createdBy>chesterman</createdBy>
<createdTime>2025-04-25 06:07:06 UTC</createdTime>
<commentInRDBMS><![CDATA[ship toonage]]></commentInRDBMS>
<generatorID>58CD8F47-A4C6-7CEA-86AA-6E35277E886E</generatorID>
<ownerDesignName>oo_logical</ownerDesignName>
<useDomainConstraints>false</useDomainConstraints>
<use>1</use>
<logicalDatatype>LOGDT019</logicalDatatype>
<dataTypePrecision>7</dataTypePrecision>
<ownDataTypeParameters>,7,</ownDataTypeParameters>
<autoIncrementCycle>false</autoIncrementCycle>
</Column>
<Column name="ship_max_guest_capacity" id="0FA5E146-BF2B-95D2-1634-26DAB4B56358">
<createdBy>chesterman</createdBy>
<createdTime>2025-04-25 06:07:06 UTC</createdTime>
<commentInRDBMS><![CDATA[ship maximum guest capacity]]></commentInRDBMS>
<generatorID>3E42B462-C8E9-A834-3023-A8DC8317D954</generatorID>
<ownerDesignName>oo_logical</ownerDesignName>
<nullsAllowed>true</nullsAllowed>
<useDomainConstraints>false</useDomainConstraints>
<use>1</use>
<logicalDatatype>LOGDT019</logicalDatatype>
<dataTypePrecision>7</dataTypePrecision>
<ownDataTypeParameters>,7,</ownDataTypeParameters>
<autoIncrementCycle>false</autoIncrementCycle>
</Column>
<Column name="ship_register_country" id="52EBDC25-8D2D-27B2-C101-1CEF4D6D262A">
<createdBy>chesterman</createdBy>
<createdTime>2025-04-25 06:07:06 UTC</createdTime>
<commentInRDBMS><![CDATA[ship register country]]></commentInRDBMS>
<generatorID>71228A66-E9C3-A1A3-87EC-970D81B85D1C</generatorID>
<ownerDesignName>oo_logical</ownerDesignName>
<useDomainConstraints>false</useDomainConstraints>
<use>1</use>
<logicalDatatype>LOGDT024</logicalDatatype>
<dataTypeSize>50</dataTypeSize>
<ownDataTypeParameters>50,,</ownDataTypeParameters>
<autoIncrementCycle>false</autoIncrementCycle>
</Column>
</columns>
<indexes itemClass="oracle.dbtools.crest.model.design.relational.Index">
<ind_PK_UK id="EE934654-5648-048C-464E-3CE820858EBE" name="SHIP_PK">
<createdBy>chesterman</createdBy>
<createdTime>2025-04-25 06:07:06 UTC</createdTime>
<generatorID>7ACC8A05-A4C2-60C7-CECE-5763A2D7F189</generatorID>
<ownerDesignName>oo_logical</ownerDesignName>
<pk>true</pk>
<indexState>Primary Constraint</indexState>
<isSurrogateKey>false</isSurrogateKey>
<indexColumnUsage>
<colUsage columnID="C6AB484E-82DD-4899-2267-F4FE239FDEE0"/>
</indexColumnUsage>
</ind_PK_UK>
<ind_PK_UK id="5ED6AE5B-285E-D057-C3FE-90E316C54942" name="cruise_ship_fk">
<createdBy>chesterman</createdBy>
<createdTime>2025-04-25 06:07:06 UTC</createdTime>
<generatorID>D06AF370-5AE7-767A-A345-72936105397C</generatorID>
<ownerDesignName>oo_logical</ownerDesignName>
<indexState>Foreign Key</indexState>
<isSurrogateKey>false</isSurrogateKey>
<indexColumnUsage>
<colUsage columnID="25C76868-BEE3-6CD5-2138-2743DF790D1B"/>
</indexColumnUsage>
</ind_PK_UK>
<ind_PK_UK id="80D3B0D1-E2F8-B857-3640-D3A38F59424A" name="operator_ship_fk">
<createdBy>chesterman</createdBy>
<createdTime>2025-04-25 06:07:06 UTC</createdTime>
<generatorID>8F148D07-8A92-CE67-D21C-9BED2C545EB5</generatorID>
<ownerDesignName>oo_logical</ownerDesignName>
<indexState>Foreign Key</indexState>
<isSurrogateKey>false</isSurrogateKey>
<indexColumnUsage>
<colUsage columnID="106BFE91-553E-0CBB-0E2C-A8EBC7A6919F"/>
</indexColumnUsage>
</ind_PK_UK>
</indexes>
</Table>
